{
    "type": "object",
    "title": "Dataset",
    "$schema": "http://json-schema.org/draft-07/schema#",
    "required": [
        "title",
        "description",
        "dataset_types",
        "run_public_ids",
        "released_date"
    ],
    "properties": {
        "title": {
            "type": "string"
        },
        "policy_id": {
            "type": [
                "string",
                "null"
            ],
            "format": "uuid"
        },
        "public_id": {
            "type": "string",
            "pattern": "^CHFEGAD[0-9]{11}"
        },
        "description": {
            "type": "string"
        },
        "dataset_types": {
            "type": "array",
            "items": {
                "enum": [
                    "Whole genome sequencing",
                    "Exome sequencing",
                    "Genotyping by array",
                    "Transcriptome profiling by high-throughput sequencing",
                    "Transcriptome profiling by array",
                    "Amplicon sequencing",
                    "Methylation binding domain sequencing",
                    "Methylation profiling by high-throughput sequencing",
                    "Phenotype information",
                    "Study summary information",
                    "Genomic variant calling",
                    "Chromatin accessibility profiling by high-throughput sequencing",
                    "Histone modification profiling by high-throughput sequencing",
                    "Chip-Seq"
                ],
                "type": "string"
            },
            "x-check": "verticalcheckbox",
            "uniqueItems": true
        },
        "released_date": {
            "type": "string",
            "format": "date"
        },
        "run_public_ids": {
            "type": "array",
            "items": {
                "type": "string",
                "pattern": "^CHFEGAR[0-9]{11}"
            },
            "x-check": "MolecularRuns",
            "uniqueItems": true
        },
        "extra_attributes": {
            "type": "array",
            "items": {
                "type": "object",
                "required": [
                    "tag",
                    "value",
                    "unit"
                ],
                "properties": {
                    "tag": {
                        "type": "string"
                    },
                    "unit": {
                        "type": "string"
                    },
                    "value": {
                        "type": "string"
                    }
                }
            }
        },
        "policy_public_id": {
            "type": [
                "string",
                "null"
            ],
            "pattern": "^CHFEGAP[0-9]{11}",
            "x-check": "Policy",
            "description": "Data Access Policy Public ID",
            "x-check_title": "title",
            "x-check_value": "public_id"
        },
        "analysis_public_ids": {
            "type": "array",
            "items": {
                "type": "string",
                "pattern": "^CHFEGAZ[0-9]{11}"
            },
            "x-check": "MolecularAnalysis",
            "uniqueItems": true,
            "x-check_title": "title",
            "x-check_value": "public_id"
        }
    },
    "x-resource": {
        "schema": {
            "fields": [
                {
                    "name": "title",
                    "constraints": {
                        "required": true
                    }
                },
                {
                    "name": "description",
                    "constraints": {
                        "required": true
                    }
                },
                {
                    "name": "dataset_types",
                    "type": "list",
                    "constraints": {
                        "required": true
                    }
                },
                {
                    "name": "runs",
                    "type": "list"
                },
                {
                    "name": "analyses",
                    "type": "list"
                }
            ],
            "primaryKey": [
                "title"
            ],
            "foreignKeys": [
                {
                    "type": "list",
                    "fields": [
                        "runs"
                    ],
                    "reference": {
                        "fields": [
                            "title"
                        ],
                        "resource": "MolecularRun"
                    }
                },
                {
                    "fields": [
                        "analyses"
                    ],
                    "reference": {
                        "fields": [
                            "title"
                        ],
                        "resource": "MolecularAnalysis"
                    }
                }
            ]
        }
    }
}